{
    "size":[360,720],
    "junior":[30, 690],
    "juniorDir":"east",
    
    "blockUnitSize": 30,
    "blocks": [
    
        [0, 2, 3, 18],
        
        [3, 4, 8, 5],
        [3, 14, 8, 15],
        
        [7, 9, 12, 10],
        [7, 19, 12, 20]
        
    ],
    "finish" : [[4, 16, 5, 17], [8, 7, 9, 8], [0, 0, 1, 1]],
    "intersections": {
        "nodes": [
            [8, 0, 12, 4],
            [8, 5, 12, 9],
            [3, 5, 7, 9],
            [3, 10, 7, 14],
            [8, 10, 12, 14],
            [8, 15, 12, 19],
            [3, 15, 7, 19],
            [3, 20, 7, 24],
            [8, 20, 12, 24]
        ],
        "edges": {
            "0": [1],
            "1": [0, 2],
            "2": [1, 3],
            "3": [2, 4],
            "4": [3, 5],
            "5": [4, 6],
            "6": [5, 7],
            "7": [6, 8],
            "8": [7]
        }
    },
    "agentGraph": {
"nodes": [
{
    "id":3,
    "pos": [324.0, 120.0],
    "dir": "north"
},
{
    "id":0,
    "pos": [276.0, 120.0],
    "dir": "south"
},
{
    "id":32,
    "pos": [300.0, 90.0],
    "dir": "west"
},
{
    "id":7,
    "pos": [240.0, 234.0],
    "dir": "east"
},
{
    "id":4,
    "pos": [240.0, 186.0],
    "dir": "west"
},
{
    "id":1,
    "pos": [276.0, 150.0],
    "dir": "south"
},
{
    "id":2,
    "pos": [324.0, 150.0],
    "dir": "north"
},
{
    "id":5,
    "pos": [210.0, 186.0],
    "dir": "west"
},
{
    "id":6,
    "pos": [210.0, 234.0],
    "dir": "east"
},
{
    "id":11,
    "pos": [174.0, 270.0],
    "dir": "north"
},
{
    "id":8,
    "pos": [126.0, 270.0],
    "dir": "south"
},
{
    "id":15,
    "pos": [210.0, 336.0],
    "dir": "west"
},
{
    "id":12,
    "pos": [210.0, 384.0],
    "dir": "east"
},
{
    "id":9,
    "pos": [126.0, 300.0],
    "dir": "south"
},
{
    "id":10,
    "pos": [174.0, 300.0],
    "dir": "north"
},
{
    "id":13,
    "pos": [240.0, 384.0],
    "dir": "east"
},
{
    "id":14,
    "pos": [240.0, 336.0],
    "dir": "west"
},
{
    "id":19,
    "pos": [324.0, 420.0],
    "dir": "north"
},
{
    "id":16,
    "pos": [276.0, 420.0],
    "dir": "south"
},
{
    "id":23,
    "pos": [240.0, 534.0],
    "dir": "east"
},
{
    "id":20,
    "pos": [240.0, 486.0],
    "dir": "west"
},
{
    "id":17,
    "pos": [276.0, 450.0],
    "dir": "south"
},
{
    "id":18,
    "pos": [324.0, 450.0],
    "dir": "north"
},
{
    "id":21,
    "pos": [210.0, 486.0],
    "dir": "west"
},
{
    "id":22,
    "pos": [210.0, 534.0],
    "dir": "east"
},
{
    "id":27,
    "pos": [174.0, 570.0],
    "dir": "north"
},
{
    "id":24,
    "pos": [126.0, 570.0],
    "dir": "south"
},
{
    "id":31,
    "pos": [210.0, 636.0],
    "dir": "west"
},
{
    "id":28,
    "pos": [210.0, 684.0],
    "dir": "east"
},
{
    "id":25,
    "pos": [126.0, 600.0],
    "dir": "south"
},
{
    "id":26,
    "pos": [174.0, 600.0],
    "dir": "north"
},
{
    "id":29,
    "pos": [240.0, 684.0],
    "dir": "east"
},
{
    "id":30,
    "pos": [240.0, 636.0],
    "dir": "west"
},
{
    "id":33,
    "pos": [270.0, 660.0],
    "dir": "north"
}
],
"edges": [
[3, 32],
[0, 1],
[32, 0],
[7, 2],
[4, 5],
[1, 4],
[2, 3],
[5, 8],
[6, 7],
[11, 6],
[8, 9],
[15, 10],
[12, 13],
[9, 12],
[10, 11],
[13, 16],
[14, 15],
[19, 14],
[16, 17],
[23, 18],
[20, 21],
[17, 20],
[18, 19],
[21, 24],
[22, 23],
[27, 22],
[24, 25],
[31, 26],
[28, 29],
[25, 28],
[26, 27],
[29, 33],
[30, 31],
[33, 30]
]
},

    "juniorGraph":{
        "nodes": [
            {
                "id":34,
                "pos": [20, 690],
                "dir": "east"
            },
            {
                "id":35,
                "pos": [90.0, 690.0],
                "dir": "east"
            },
            {
                "id":36,
                "pos":[280.0, 60.0],
                "dir": "west"
             },
            {
                "id":37,
                "pos":[5.0, 20.0],
                "dir": "west",
                "terminal": true
             }
        ],
        "edges" : [
            [34, 35],
            [35, 26],
            [32, 36],
            [36, 37]
        ]
    }

}